Number,Is_prime
17,1
25,0
41,1
42,0
59,1
66,0
101,1
111,0
137,1
148,0
257,1
262,0
311,1
319,0
379,1
388,0
431,1
435,0
439,1
443,1
452,0
461,1
465,0
491,1
492,0
499,1
508,0
541,1
548,0
569,1
571,1
575,0
577,1
579,0
613,1
635,0
653,1
655,0
701,1
702,0
709,1
711,0
733,1
738,0
739,1
742,0
757,1
764,0
773,1
774,0
809,1
810,0
821,1
823,1
824,0
839,1
840,0
887,1
896,0
1039,1
1042,0
1097,1
1099,0
1193,1
1218,0
1259,1
1268,0
1301,1
1303,1
1304,0
1321,1
1325,0
1399,1
1403,0
1427,1
1431,0
1433,1
1438,0
1453,1
1454,0
1487,1
1500,0
1553,1
1554,0
1607,1
1608,0
1613,1
1634,0
1667,1
1668,0
1747,1
1760,0
1823,1
1824,0
1951,1
1955,0
1979,1
1982,0
2063,1
2077,0
2081,1
2090,0
2179,1
2181,0
2203,1
2207,1
2208,0
2213,1
2215,0
2243,1
2244,0
2311,1
2317,0
2351,1
2352,0
2377,1
2380,0
2441,1
2446,0
2447,1
2450,0
2549,1
2551,1
2555,0
2609,1
2610,0
2633,1
2634,0
2657,1
2661,0
2683,1
2685,0
2693,1
2705,0
2753,1
2760,0
2797,1
2802,0
2803,1
2804,0
2819,1
2822,0
2857,1
2878,0
2969,1
2975,0
3011,1
3013,0
3019,1
3021,0
3041,1
3055,0
3079,1
3081,0
3121,1
3124,0
3163,1
3167,1
3169,1
3172,0
3191,1
3197,0
3229,1
3234,0
3257,1
3259,1
3261,0
3323,1
3330,0
3331,1
3333,0
3359,1
3363,0
3457,1
3461,1
3469,1
3470,0
3527,1
3534,0
3581,1
3584,0
3593,1
3598,0
3607,1
3608,0
3623,1
3625,0
3803,1
3805,0
3847,1
3849,0
3851,1
3868,0
3877,1
3882,0
3919,1
3936,0
3947,1
3951,0
4001,1
4005,0
4051,1
4052,0
4159,1
4161,0
4219,1
4225,0
4241,1
4243,1
4245,0
4253,1
4257,0
4259,1
4269,0
4363,1
4366,0
4423,1
4426,0
4441,1
4446,0
4463,1
4476,0
4493,1
4500,0
4523,1
4525,0
4583,1
4586,0
4643,1
4651,1
4657,1
4666,0
4673,1
4674,0
4703,1
4705,0
4721,1
4723,1
4732,0
4793,1
4798,0
4813,1
4817,1
4818,0
4861,1
4862,0
4871,1
4886,0
4951,1
4971,0
4987,1
4988,0
5009,1
5022,0
5059,1
5060,0
5077,1
5082,0
5099,1
5100,0
5107,1
5125,0
5261,1
5267,0
5309,1
5314,0
5333,1
5336,0
5381,1
5385,0
5399,1
5401,0
5407,1
5408,0
5417,1
5423,0
5437,1
5445,0
5449,1
5450,0
5507,1
5511,0
5521,1
5539,0
5557,1
5560,0
5581,1
5582,0
5641,1
5649,0
5651,1
5652,0
5711,1
5719,0
5741,1
5749,1
5750,0
5779,1
5789,0
5839,1
5841,0
5843,1
5851,1
5858,0
6011,1
6017,0
6029,1
6031,0
6079,1
6085,0
6173,1
6176,0
6199,1
6218,0
6221,1
6222,0
6229,1
6235,0
6271,1
6272,0
6299,1
6300,0
6311,1
6314,0
6317,1
6321,0
6361,1
6363,0
6379,1
6383,0
6421,1
6427,1
6430,0
6451,1
6460,0
6569,1
6579,0
6619,1
6620,0
6659,1
6660,0
6701,1
6702,0
6709,1
6710,0
6761,1
6765,0
6779,1
6780,0
6883,1
6903,0
6961,1
6968,0
6977,1
6982,0
6983,1
6984,0
6991,1
7002,0
7013,1
7022,0
7069,1
7075,0
7109,1
7119,0
7127,1
7131,0
7237,1
7244,0
7253,1
7257,0
7349,1
7351,1
7352,0
7459,1
7461,0
7477,1
7478,0
7517,1
7521,0
7607,1
7609,0
7639,1
7644,0
7649,1
7657,0
7699,1
7710,0
7723,1
7726,0
7741,1
7743,0
7817,1
7835,0
7877,1
7881,0
7963,1
7981,0
7993,1
8002,0
8011,1
8013,0
8017,1
8028,0
8039,1
8040,0
8053,1
8054,0
8123,1
8136,0
8179,1
8180,0
8219,1
8228,0
8297,1
8307,0
8317,1
8318,0
8353,1
8358,0
8389,1
8390,0
8431,1
8432,0
8447,1
8449,0
8461,1
8465,0
8513,1
8516,0
8539,1
8548,0
8641,1
8643,0
8807,1
8812,0
8863,1
8868,0
8929,1
8936,0
9007,1
9018,0
9041,1
9051,0
9151,1
9157,1
9161,1
9169,0
9173,1
9177,0
9239,1
9250,0
9341,1
9345,0
9349,1
9354,0
9391,1
9392,0
9397,1
9416,0
9533,1
9543,0
9601,1
9606,0
9631,1
9634,0
9697,1
9706,0
9721,1
9722,0
9781,1
9784,0
9787,1
9791,1
9800,0
9811,1
9812,0
9829,1
9844,0
9883,1
9897,0
9901,1
9902,0
9941,1
9946,0
9973,1
9974,0
10009,1
10010,0
10037,1
10045,0
10069,1
10073,0
10111,1
10113,0
10177,1
10180,0
10181,1
10183,0
10369,1
10371,0
10399,1
10405,0
10487,1
10490,0
10513,1
10539,0
10589,1
10601,1
10607,1
10611,0
10723,1
10729,1
10730,0
10753,1
10754,0
10831,1
10837,1
10838,0
10889,1
10890,0
10937,1
10939,1
10952,0
10973,1
10976,0
11083,1
11096,0
11243,1
11253,0
11321,1
11337,0
11383,1
11387,0
11491,1
11493,0
11503,1
11509,0
11597,1
11619,0
11699,1
11703,0
11731,1
11735,0
11777,1
11795,0
11813,1
11817,0
11821,1
11823,0
11827,1
11832,0
12007,1
12020,0
12109,1
12110,0
12143,1
12146,0
12203,1
12211,1
12220,0
12239,1
12241,1
12243,0
12289,1
12297,0
12401,1
12403,0
12437,1
12444,0
12451,1
12457,1
12458,0
12479,1
12480,0
12491,1
12492,0
12547,1
12548,0
12589,1
12590,0
12601,1
12625,0
12739,1
12740,0
12853,1
12854,0
12911,1
12914,0
12919,1
12925,0
12941,1
12946,0
12973,1
12976,0
13033,1
13039,0
13099,1
13121,1
13127,1
13142,0
13177,1
13186,0
13229,1
13233,0
13259,1
13260,0
13417,1
13421,1
13435,0
13441,1
13442,0
13513,1
13516,0
13649,1
13653,0
13681,1
13683,0
13693,1
13696,0
13709,1
13715,0
13723,1
13743,0
13763,1
13764,0
13781,1
13782,0
13789,1
13804,0
14009,1
14012,0
14153,1
14154,0
14197,1
14201,0
14327,1
14329,0
14389,1
14400,0
14479,1
14482,0
14489,1
14492,0
14533,1
14535,0
14537,1
14541,0
14543,1
14549,1
14550,0
14557,1
14567,0
14591,1
14603,0
14653,1
14654,0
14657,1
14671,0
14683,1
14696,0
14723,1
14725,0
14753,1
14760,0
14767,1
14775,0
14831,1
14839,0
14869,1
14877,0
14897,1
14912,0
15091,1
15093,0
15121,1
15124,0
15149,1
15150,0
15187,1
15193,1
15196,0
15271,1
15272,0
15277,1
15286,0
15527,1
15531,0
15541,1
15544,0
15569,1
15570,0
15607,1
15611,0
15647,1
15655,0
15671,1
15673,0
15809,1
15811,0
15881,1
15885,0
15991,1
15992,0
16001,1
16002,0
16007,1
16018,0
16067,1
16079,0
16103,1
16107,0
16249,1
16251,0
16267,1
16268,0
16333,1
16334,0
16339,1
16340,0
16361,1
16362,0
16369,1
16371,0
16411,1
16427,1
16432,0
16553,1
16555,0
16561,1
16566,0
16703,1
16707,0
16741,1
16746,0
16747,1
16752,0
16759,1
16761,0
16903,1
16904,0
17107,1
17111,0
17231,1
17232,0
17257,1
17259,0
17327,1
17330,0
17471,1
17483,1
17486,0
17599,1
17602,0
17659,1
17664,0
17681,1
17683,1
17688,0
17707,1
17714,0
17737,1
17754,0
17789,1
17793,0
17837,1
17866,0
17881,1
17883,0
17909,1
17910,0
17929,1
17931,0
17939,1
17949,0
17959,1
17960,0
17971,1
17977,1
17987,1
17990,0
18041,1
18049,1
18050,0
18059,1
18061,1
18072,0
18121,1
18124,0
18131,1
18135,0
18149,1
18159,0
18217,1
18235,0
18257,1
18258,0
18289,1
18294,0
18307,1
18310,0
18413,1
18416,0
18433,1
18443,1
18444,0
18461,1
18462,0
18521,1
18528,0
18539,1
18540,0
18553,1
18558,0
18797,1
18802,0
19009,1
19013,1
19016,0
19087,1
19094,0
19237,1
19243,0
19273,1
19276,0
19309,1
19310,0
19379,1
19386,0
19387,1
19399,0
19483,1
19487,0
19543,1
19560,0
19577,1
19578,0
19699,1
19700,0
19819,1
19826,0
19889,1
19893,0
19927,1
19933,0
19949,1
19962,0
19991,1
19999,0
20101,1
20118,0
20143,1
20150,0
20173,1
20176,0
20297,1
20304,0
20359,1
20376,0
20389,1
20392,0
20411,1
20413,0
20441,1
20445,0
20477,1
20483,1
20496,0
20507,1
20513,0
20521,1
20524,0
20707,1
20716,0
20753,1
20760,0
20873,1
20877,0
20903,1
20904,0
21013,1
21016,0
21019,1
21021,0
21061,1
21066,0
21143,1
21145,0
21149,1
21158,0
21211,1
21223,0
21247,1
21251,0
21323,1
21325,0
21401,1
21407,1
21408,0
21493,1
21495,0
21521,1
21525,0
21673,1
21677,0
21739,1
21752,0
21841,1
21842,0
21859,1
21864,0
21893,1
21897,0
21943,1
21957,0
22031,1
22033,0
22051,1
22061,0
22063,1
22070,0
22079,1
22080,0
22129,1
22134,0
22157,1
22158,0
22229,1
22231,0
22291,1
22306,0
22381,1
22383,0
22391,1
22393,0
22447,1
22448,0
22453,1
22461,0
22501,1
22502,0
22541,1
22542,0
22543,1
22545,0
22613,1
22625,0
22643,1
22644,0
22717,1
22718,0
22727,1
22734,0
22859,1
22861,1
22862,0
22871,1
22881,0
22943,1
22944,0
23003,1
23005,0
23029,1
23039,1
23045,0
23071,1
23091,0
23159,1
23164,0
23201,1
23203,1
23211,0
23311,1
23314,0
23321,1
23322,0
23497,1
23498,0
23509,1
23511,0
23539,1
23548,0
23663,1
23675,0
23689,1
23690,0
23767,1
23769,0
23869,1
23889,0
23911,1
23913,0
23981,1
23989,0
24007,1
24009,0
24179,1
24182,0
24223,1
24227,0
24229,1
24230,0
24239,1
24245,0
24359,1
24361,0
24379,1
24382,0
24421,1
24422,0
24499,1
24503,0
24517,1
24545,0
24547,1
24553,0
24671,1
24683,1
24687,0
24709,1
24710,0
24733,1
24738,0
24821,1
24824,0
24841,1
24844,0
24859,1
24860,0
24889,1
24891,0
24923,1
24927,0
24953,1
24955,0
24979,1
24982,0
25037,1
25039,0
25411,1
25415,0
25447,1
25448,0
25463,1
25476,0
25537,1
25544,0
25589,1
25592,0
25643,1
25653,0
25703,1
25711,0
25733,1
25735,0
25747,1
25750,0
25763,1
25768,0
25771,1
25775,0
25889,1
25901,0
25903,1
25908,0
25951,1
25953,0
26053,1
26054,0
26107,1
26113,1
26117,0
26141,1
26152,0
26153,1
26165,0
26171,1
26179,0
26261,1
26262,0
26371,1
26374,0
26497,1
26498,0
26557,1
26582,0
26591,1
26594,0
26701,1
26703,0
26711,1
26713,1
26718,0
26759,1
26766,0
26801,1
26802,0
26903,1
26909,0
26927,1
26932,0
27017,1
27025,0
27061,1
27063,0
27077,1
27085,0
27103,1
27109,1
27111,0
27127,1
27137,0
27241,1
27246,0
27253,1
27258,0
27299,1
27311,0
27329,1
27330,0
27337,1
27340,0
27367,1
27369,0
27407,1
27408,0
27551,1
27552,0
27611,1
27612,0
27617,1
27621,0
27689,1
27706,0
27739,1
27744,0
27751,1
27759,0
27791,1
27795,0
27817,1
27823,1
27827,1
27832,0
28031,1
28036,0
28051,1
28054,0
28087,1
28089,0
28097,1
28098,0
28109,1
28110,0
28163,1
28165,0
28181,1
28190,0
28283,1
28286,0
28319,1
28321,0
28393,1
28400,0
28403,1
28408,0
28409,1
28419,0
28439,1
28442,0
28463,1
28468,0
28477,1
28484,0
28499,1
28500,0
28559,1
28560,0
28649,1
28650,0
28669,1
28671,0
28759,1
28761,0
28771,1
28774,0
28871,1
28876,0
28879,1
28904,0
29137,1
29144,0
29333,1
29337,0
29339,1
29340,0
29387,1
29405,0
29453,1
29454,0
29629,1
29637,0
29641,1
29650,0
29669,1
29679,0
29759,1
29761,1
29765,0
29803,1
29806,0
29851,1
29860,0
29867,1
29868,0
29921,1
29926,0
29927,1
29933,0
29947,1
29955,0
30029,1
30032,0
30047,1
30049,0
30137,1
30140,0
30161,1
30162,0
30197,1
30200,0
30269,1
30271,1
30277,0
30293,1
30296,0
30313,1
30315,0
30469,1
30471,0
30553,1
30562,0
30631,1
30635,0
30677,1
30686,0
30773,1
30774,0
30869,1
30874,0
30893,1
30894,0
30937,1
30947,0
30983,1
30984,0
31081,1
31082,0
31121,1
31123,1
31125,0
31151,1
31159,1
31160,0
31219,1
31222,0
31267,1
31269,0
31379,1
31380,0
31387,1
31396,0
31541,1
31542,0
31583,1
31584,0
31627,1
31629,0
31649,1
31663,1
31667,1
31668,0
31723,1
31726,0
31741,1
31744,0
31751,1
31753,0
31771,1
31772,0
31859,1
31860,0
31891,1
31899,0
31907,1
31914,0
31957,1
31962,0
31981,1
31985,0
31991,1
31996,0
32029,1
32035,0
32063,1
32076,0
32099,1
32116,0
32141,1
32142,0
32203,1
32207,0
32237,1
32238,0
32257,1
32260,0
32299,1
32308,0
32309,1
32314,0
32353,1
32357,0
32377,1
32380,0
32411,1
32427,0
32443,1
32445,0
32467,1
32479,1
32481,0
32561,1
32563,1
32564,0
32611,1
32614,0
32633,1
32634,0
32719,1
32721,0
32771,1
32772,0
32783,1
32786,0
32833,1
32842,0
32887,1
32891,0
32909,1
32917,1
32918,0
32939,1
32951,0
33107,1
33122,0
33301,1
33310,0
33311,1
33316,0
33353,1
33359,1
33361,0
33409,1
33413,1
33420,0
33479,1
33481,0
33493,1
33494,0
33601,1
33602,0
33637,1
33640,0
33797,1
33814,0
33829,1
33830,0
33857,1
33858,0
33893,1
33900,0
34141,1
34144,0
34159,1
34165,0
34259,1
34261,1
34265,0
34267,1
34269,0
34327,1
34329,0
34369,1
34374,0
34429,1
34436,0
34483,1
34489,0
34511,1
34512,0
34549,1
34552,0
34607,1
34613,1
34621,0
34693,1
34703,1
34706,0
34849,1
34850,0
34913,1
34918,0
34963,1
34966,0
35027,1
35035,0
35069,1
35072,0
35291,1
35294,0
35317,1
35323,1
35327,1
35330,0
35353,1
35360,0
35381,1
35385,0
35407,1
35408,0
35437,1
35444,0
35521,1
35523,0
35591,1
35592,0
35759,1
35760,0
35801,1
35803,1
35806,0
35839,1
35848,0
35863,1
35865,0
35923,1
35930,0
36013,1
36017,1
36023,0
36073,1
36080,0
36241,1
36250,0
36299,1
36301,0
36343,1
36347,0
36433,1
36435,0
36527,1
36528,0
36529,1
36531,0
36541,1
36547,0
36563,1
36564,0
36721,1
36723,0
36857,1
36858,0
36871,1
36874,0
36877,1
36887,1
36889,0
36899,1
36900,0
36923,1
36931,1
36939,0
36943,1
36950,0
37013,1
37016,0
37019,1
37020,0
37057,1
37061,1
37065,0
37123,1
37124,0
37181,1
37183,0
37201,1
37214,0
37277,1
37291,0
37309,1
37320,0
37441,1
37448,0
37483,1
37489,1
37491,0
37517,1
37524,0
37529,1
37530,0
37547,1
37555,0
37571,1
37574,0
37607,1
37608,0
37663,1
37669,0
37811,1
37812,0
37813,1
37821,0
37847,1
37848,0
37871,1
37872,0
37957,1
37963,1
37964,0
37987,1
37988,0
37991,1
37999,0
38047,1
38048,0
38069,1
38073,0
38083,1
38084,0
38119,1
38121,0
38153,1
38165,0
38167,1
38168,0
38299,1
38303,1
38304,0
38543,1
38559,0
38603,1
38623,0
38723,1
38727,0
38791,1
38796,0
38839,1
38842,0
38873,1
38893,0
38917,1
38928,0
38977,1
38980,0
38993,1
38997,0
39047,1
39051,0
39097,1
39098,0
39103,1
39106,0
39107,1
39108,0
39157,1
39158,0
39181,1
39182,0
39227,1
39228,0
39229,1
39236,0
39293,1
39305,0
39313,1
39315,0
39359,1
39367,1
39369,0
39397,1
39424,0
39439,1
39455,0
39569,1
39573,0
39659,1
39663,0
39671,1
39674,0
39727,1
39728,0
39791,1
39794,0
39829,1
39832,0
39857,1
39859,0
39869,1
39874,0
39887,1
39891,0
39937,1
39944,0
40013,1
40018,0
40093,1
40095,0
40123,1
40125,0
40127,1
40128,0
40129,1
40132,0
40163,1
40164,0
40231,1
40232,0
40253,1
40254,0
40277,1
40279,0
40343,1
40352,0
40387,1
40389,0
40507,1
40515,0
40543,1
40547,0
40609,1
40615,0
40763,1
40764,0
40823,1
40847,1
40851,0
40883,1
40885,0
40903,1
40904,0
40933,1
40935,0
40993,1
40997,0
41039,1
41044,0
41117,1
41120,0
41149,1
41161,1
41167,0
41177,1
41192,0
41203,1
41207,0
41231,1
41245,0
41299,1
41304,0
41333,1
41337,0
41399,1
41400,0
41443,1
41444,0
41453,1
41455,0
41621,1
41626,0
41719,1
41721,0
41813,1
41820,0
41897,1
41898,0
41903,1
41905,0
41941,1
41942,0
42019,1
42022,0
42083,1
42091,0
42139,1
42140,0
42179,1
42190,0
42299,1
42307,1
42316,0
42373,1
42389,0
42391,1
42409,1
42410,0
42451,1
42464,0
42499,1
42502,0
42611,1
42612,0
42641,1
42649,1
42653,0
42677,1
42678,0
42901,1
42903,0
42923,1
42926,0
42943,1
42944,0
43013,1
43014,0
43049,1
43051,1
43054,0
43189,1
43190,0
43391,1
43392,0
43397,1
43401,0
43499,1
43500,0
43541,1
43543,1
43545,0
43573,1
43575,0
43613,1
43615,0
43633,1
43639,0
43717,1
43722,0
43801,1
43811,0
43853,1
43854,0
43913,1
43914,0
44017,1
44018,0
44021,1
44023,0
44041,1
44044,0
44059,1
44064,0
44071,1
44081,0
44089,1
44092,0
44123,1
44128,0
44129,1
44132,0
44189,1
44193,0
44203,1
44212,0
44221,1
44222,0
44267,1
44271,0
44357,1
44363,0
44381,1
44382,0
44533,1
44536,0
44543,1
44544,0
44579,1
44581,0
44647,1
44650,0
44683,1
44685,0
44777,1
44787,0
44843,1
44850,0
44879,1
44887,1
44888,0
44927,1
44943,0
44963,1
44965,0
45061,1
45062,0
45077,1
45084,0
45119,1
45127,1
45140,0
45161,1
45177,0
45181,1
45187,0
45191,1
45194,0
45197,1
45203,0
45319,1
45321,0
45337,1
45338,0
45343,1
45347,0
45481,1
45485,0
45523,1
45524,0
45553,1
45554,0
45613,1
45614,0
45673,1
45680,0
45707,1
45708,0
45757,1
45774,0
45887,1
45890,0
45943,1
45944,0
45971,1
45974,0
46021,1
46026,0
46099,1
46101,0
46229,1
46230,0
46261,1
46264,0
46271,1
46281,0
46327,1
46328,0
46337,1
46339,0
46381,1
46401,0
46499,1
46501,0
46507,1
46513,0
46549,1
46552,0
46679,1
46692,0
46703,1
46704,0
46817,1
46821,0
46853,1
46855,0
46901,1
46903,0
47087,1
47089,0
47143,1
47150,0
47251,1
47256,0
47287,1
47289,0
47309,1
47316,0
47353,1
47357,0
47363,1
47373,0
47533,1
47537,0
47543,1
47553,0
47591,1
47596,0
47609,1
47626,0
47657,1
47660,0
47701,1
47705,0
47737,1
47738,0
47779,1
47780,0
47807,1
47809,1
47810,0
47843,1
47855,0
47881,1
47884,0
47933,1
47934,0
47969,1
47976,0
47977,1
47980,0
48073,1
48074,0
48163,1
48167,0
48271,1
48273,0
48299,1
48300,0
48413,1
48416,0
48491,1
48495,0
48523,1
48525,0
48539,1
48544,0
48611,1
48613,0
48647,1
48652,0
48731,1
48733,1
48739,0
48817,1
48818,0
48821,1
48824,0
48973,1
48975,0
49003,1
49007,0
49019,1
49022,0
49057,1
49059,0
49081,1
49082,0
49103,1
49104,0
49117,1
49119,0
49157,1
49164,0
49169,1
49176,0
49199,1
49203,0
49211,1
49228,0
49279,1
49294,0
49307,1
49319,0
49411,1
49419,0
49433,1
49454,0
49463,1
49466,0
49523,1
49524,0
49597,1
49601,0
49603,1
49613,1
49632,0
49639,1
49658,0
49667,1
49677,0
49831,1
49853,1
49861,0
49871,1
49872,0
49927,1
49933,0
49943,1
49951,0
49999,1
50000,0
50053,1
50060,0
50261,1
50263,1
50280,0
50411,1
50417,1
50419,0
50423,1
50427,0
50441,1
50444,0
50599,1
50608,0
50647,1
50653,0
50683,1
50685,0
50741,1
50751,0
50839,1
50846,0
50893,1
50897,0
50909,1
50911,0
50989,1
50994,0
51047,1
51048,0
51059,1
51062,0
51199,1
51206,0
51343,1
51347,1
51354,0
51419,1
51420,0
51431,1
51435,0
51461,1
51470,0
51473,1
51479,1
51481,1
51483,0
51517,1
51526,0
51593,1
51604,0
51613,1
51614,0
51679,1
51681,0
51683,1
51695,0
51721,1
51722,0
51787,1
51793,0
51803,1
51804,0
51829,1
51831,0
51839,1
51841,0
51853,1
51856,0
51859,1
51860,0
51893,1
51894,0
51929,1
51936,0
51949,1
51952,0
51991,1
52012,0
52081,1
52084,0
52163,1
52168,0
52189,1
52192,0
52267,1
52272,0
52369,1
52370,0
52387,1
52393,0
52489,1
52498,0
52517,1
52523,0
52529,1
52532,0
52627,1
52629,0
52673,1
52680,0
52747,1
52749,0
52859,1
52865,0
52889,1
52898,0
52937,1
52938,0
52981,1
52982,0
53003,1
53009,0
53077,1
53078,0
53233,1
53239,1
53241,0
53269,1
53278,0
53377,1
53388,0
53437,1
53439,0
53441,1
53448,0
53623,1
53628,0
53629,1
53630,0
53633,1
53648,0
53657,1
53667,0
53731,1
53735,0
53831,1
53842,0
53849,1
53851,0
53861,1
53862,0
53897,1
53898,0
54037,1
54038,0
54059,1
54063,0
54133,1
54134,0
54163,1
54174,0
54287,1
54291,0
54311,1
54319,1
54326,0
54419,1
54421,1
54424,0
54469,1
54474,0
54497,1
54503,1
54506,0
54559,1
54563,1
54565,0
54601,1
54609,0
54679,1
54682,0
54851,1
54856,0
54881,1
54884,0
55051,1
55055,0
55057,1
55059,0
55061,1
55062,0
55117,1
55118,0
55127,1
55128,0
55207,1
55217,1
55221,0
55313,1
55315,0
55331,1
55335,0
55351,1
55371,0
55381,1
55384,0
55411,1
55415,0
55511,1
55512,0
55633,1
55640,0
55667,1
55674,0
55681,1
55684,0
55793,1
55795,0
55807,1
55812,0
55813,1
55821,0
55823,1
55828,0
55829,1
55837,1
55848,0
55871,1
55874,0
55889,1
55890,0
55897,1
55901,1
55904,0
55927,1
55929,0
55949,1
55950,0
55967,1
55970,0
56093,1
56095,0
56099,1
56114,0
56171,1
56180,0
56267,1
56271,0
56299,1
56300,0
56369,1
56377,1
56378,0
56383,1
56385,0
56393,1
56394,0
56431,1
56445,0
56477,1
56478,0
56501,1
56502,0
56569,1
56571,0
56783,1
56785,0
56813,1
56814,0
56909,1
56922,0
56923,1
56926,0
57041,1
57044,0
57059,1
57066,0
57077,1
57100,0
57149,1
57150,0
57203,1
57222,0
57287,1
57289,0
57593,1
57596,0
57731,1
57742,0
57773,1
57776,0
57791,1
57797,0
57829,1
57832,0
57839,1
57841,0
57881,1
57891,0
57923,1
57928,0
57947,1
57949,0
57973,1
57977,1
57988,0
58031,1
58032,0
58049,1
58051,0
58111,1
58116,0
58153,1
58158,0
58231,1
58232,0
58271,1
58278,0
58313,1
58322,0
58391,1
58408,0
58427,1
58445,0
58477,1
58481,1
58485,0
58537,1
58551,0
58613,1
58622,0
58631,1
58632,0
58687,1
58688,0
58711,1
58712,0
58757,1
58771,1
58772,0
58943,1
58947,0
58967,1
58969,0
58979,1
58988,0
59023,1
59032,0
59053,1
59066,0
59141,1
59142,0
59243,1
59247,0
59333,1
59334,0
59377,1
59378,0
59419,1
59421,0
59441,1
59442,0
59453,1
59457,0
59467,1
59468,0
59671,1
59672,0
59723,1
59731,0
59779,1
59785,0
59809,1
59814,0
59921,1
59924,0
59957,1
59961,0
59981,1
59984,0
60077,1
60079,0
60101,1
60105,0
60217,1
60220,0
60223,1
60224,0
60257,1
60259,1
60262,0
60271,1
60280,0
60289,1
60291,0
60343,1
60344,0
60443,1
60451,0
60497,1
60504,0
60601,1
60604,0
60637,1
60639,0
60649,1
60650,0
60659,1
60663,0
60757,1
60764,0
60773,1
60776,0
60779,1
60781,0
60859,1
60868,0
61141,1
61168,0
61211,1
61214,0
61283,1
61292,0
61297,1
61299,0
61357,1
61365,0
61381,1
61382,0
61403,1
61407,0
61441,1
61443,0
61469,1
61471,1
61473,0
61487,1
61488,0
61559,1
61566,0
61603,1
61606,0
61613,1
61614,0
61657,1
61664,0
61703,1
61707,0
61933,1
61937,0
61979,1
61987,1
61988,0
61991,1
61992,0
62047,1
62053,1
62068,0
62099,1
62102,0
62119,1
62129,1
62134,0
62189,1
62195,0
62303,1
62306,0
62323,1
62328,0
62347,1
62348,0
62351,1
62355,0
62383,1
62391,0
62483,1
62484,0
62597,1
62607,0
62683,1
62687,1
62696,0
62743,1
62744,0
62753,1
62761,1
62763,0
62791,1
62794,0
62897,1
62908,0
62969,1
62975,0
63079,1
63080,0
63127,1
63130,0
63311,1
63318,0
63337,1
63339,0
63361,1
63363,0
63439,1
63441,0
63443,1
63447,0
63463,1
63464,0
63499,1
63504,0
63527,1
63529,0
63533,1
63534,0
63541,1
63544,0
63659,1
63661,0
64007,1
64010,0
64019,1
64025,0
64067,1
64069,0
64151,1
64154,0
64217,1
64223,1
64224,0
64301,1
64303,1
64307,0
64403,1
64406,0
64433,1
64437,0
64439,1
64440,0
64483,1
64485,0
64499,1
64511,0
64601,1
64605,0
64609,1
64613,1
64615,0
64693,1
64700,0
64783,1
64802,0
64849,1
64850,0
64877,1
64882,0
64891,1
64892,0
64919,1
64922,0
64927,1
64937,1
64940,0
64997,1
64998,0
65071,1
65081,0
65089,1
65092,0
65129,1
65130,0
65173,1
65177,0
65267,1
65268,0
65293,1
65298,0
65309,1
65316,0
65393,1
65410,0
65419,1
65422,0
65423,1
65435,0
65629,1
65632,0
65647,1
65649,0
65699,1
65713,1
65725,0
65731,1
65735,0
65761,1
65764,0
65777,1
65789,1
65805,0
65839,1
65848,0
65929,1
65931,0
65983,1
65986,0
66067,1
66072,0
66083,1
66102,0
66161,1
66190,0
66359,1
66360,0
66361,1
66371,0
66533,1
66535,0
66643,1
66645,0
66797,1
66799,0
66851,1
66860,0
66863,1
66866,0
66977,1
66980,0
67003,1
67006,0
67043,1
67047,0
67121,1
67125,0
67129,1
67134,0
67187,1
67200,0
67261,1
67263,0
67273,1
67276,0
67307,1
67309,0
67369,1
67372,0
67429,1
67430,0
67499,1
67502,0
67547,1
67549,0
67579,1
67593,0
67709,1
67711,0
67763,1
67774,0
67777,1
67781,0
68041,1
68046,0
68071,1
68073,0
68161,1
68164,0
68207,1
68208,0
68261,1
68279,1
68281,1
68282,0
68351,1
68365,0
68399,1
68400,0
68501,1
68510,0
68581,1
68589,0
68611,1
68617,0
68683,1
68684,0
68687,1
68693,0
68713,1
68714,0
68819,1
68823,0
68891,1
68894,0
68903,1
68910,0
68917,1
68918,0
68927,1
68933,0
69001,1
69007,0
69011,1
69014,0
69067,1
69070,0
69143,1
69146,0
69163,1
69165,0
69193,1
69201,0
69257,1
69269,0
69341,1
69347,0
69379,1
69384,0
69401,1
69403,1
69416,0
69439,1
69441,0
69457,1
69462,0
69557,1
69560,0
69593,1
69597,0
69677,1
69678,0
69767,1
69775,0
69809,1
69814,0
69829,1
69835,0
69857,1
69860,0
70003,1
70009,1
70017,0
70079,1
70091,0
70177,1
70182,0
70201,1
70210,0
70229,1
70239,0
70249,1
70251,0
70271,1
70272,0
70381,1
70382,0
70429,1
70430,0
70457,1
70460,0
70507,1
70508,0
70639,1
70642,0
70709,1
70713,0
70867,1
70871,0
70937,1
70940,0
70949,1
70950,0
70991,1
70999,1
71014,0
71081,1
71082,0
71161,1
71170,0
71293,1
71294,0
71347,1
71349,0
71353,1
71356,0
71411,1
71412,0
71453,1
71456,0
71473,1
71478,0
71479,1
71481,0
71569,1
71573,0
71707,1
71712,0
71761,1
71766,0
72031,1
72034,0
72053,1
72060,0
72091,1
72096,0
72103,1
72106,0
72161,1
72163,0
72167,1
72170,0
72173,1
72176,0
72223,1
72225,0
72337,1
72340,0
72431,1
72432,0
72467,1
72471,0
72493,1
72501,0
72679,1
72683,0
72701,1
72702,0
72739,1
72740,0
72797,1
72802,0
72893,1
72898,0
72931,1
72933,0
72949,1
72950,0
73061,1
73067,0
73079,1
73080,0
73127,1
73129,0
73141,1
73147,0
73243,1
73245,0
73259,1
73260,0
73277,1
73279,0
73351,1
73358,0
73421,1
73429,0
73471,1
73472,0
73483,1
73493,0
73517,1
73519,0
73529,1
73530,0
73553,1
73558,0
73651,1
73652,0
73681,1
73702,0
73751,1
73763,0
73849,1
73854,0
73877,1
73880,0
73883,1
73886,0
73897,1
73907,1
73910,0
73943,1
73944,0
73951,1
73959,0
73999,1
74002,0
74071,1
74074,0
74077,1
74081,0
74131,1
74133,0
74159,1
74165,0
74167,1
74170,0
74177,1
74180,0
74293,1
74299,0
74377,1
74385,0
74419,1
74427,0
74453,1
74468,0
74687,1
74693,0
74699,1
74730,0
74761,1
74773,0
74831,1
74833,0
74891,1
74894,0
74941,1
74948,0
75041,1
75048,0
75181,1
75187,0
75223,1
75225,0
75269,1
75274,0
75289,1
75290,0
75347,1
75355,0
75367,1
75368,0
75503,1
75511,1
75513,0
75527,1
75530,0
75533,1
75536,0
75541,1
75549,0
75689,1
75691,0
75703,1
75709,1
75712,0
75743,1
75744,0
75787,1
75800,0
75913,1
75917,0
75941,1
75943,0
75997,1
76013,0
76031,1
76042,0
76079,1
76082,0
76091,1
76094,0
76099,1
76108,0
76123,1
76135,0
76147,1
76149,0
76207,1
76213,1
76215,0
76261,1
76262,0
76333,1
76338,0
76511,1
76512,0
76541,1
76542,0
76543,1
76551,0
76607,1
76610,0
76651,1
76654,0
76667,1
76677,0
76733,1
76734,0
76771,1
76774,0
76913,1
76916,0
76943,1
76948,0
76961,1
76965,0
77023,1
77034,0
77201,1
77213,1
77226,0
77279,1
77280,0
77359,1
77363,0
77369,1
77374,0
77447,1
77454,0
77471,1
77472,0
77591,1
77604,0
77611,1
77615,0
77617,1
77626,0
77647,1
77649,0
77659,1
77663,0
77689,1
77693,0
77713,1
77715,0
77797,1
77801,1
77807,0
77813,1
77815,0
77969,1
77970,0
77977,1
77987,0
78101,1
78102,0
78193,1
78204,0
78307,1
78314,0
78367,1
78371,0
78439,1
78461,0
78467,1
78474,0
78479,1
78482,0
78509,1
78518,0
78541,1
78563,0
78569,1
78570,0
78577,1
78579,0
78593,1
78594,0
78977,1
78978,0
78979,1
78994,0
79043,1
79046,0
79103,1
79106,0
79139,1
79140,0
79187,1
79189,0
79229,1
79235,0
79397,1
79403,0
79537,1
79543,0
79613,1
79616,0
79657,1
79661,0
79691,1
79697,1
79699,1
79702,0
79757,1
79759,0
79817,1
79818,0
79823,1
79826,0
79829,1
79830,0
79867,1
79876,0
79943,1
79960,0
79987,1
79990,0
80167,1
80171,0
80233,1
80237,0
80239,1
80242,0
80251,1
80253,0
80279,1
80282,0
80287,1
80288,0
80317,1
80320,0
80341,1
80345,0
80449,1
80450,0
80537,1
80543,0
80567,1
80569,0
80611,1
80613,0
80627,1
80629,1
80634,0
80681,1
80694,0
80701,1
80702,0
80777,1
80778,0
80783,1
80786,0
80789,1
80793,0
80831,1
80833,1
80839,0
80863,1
80868,0
80911,1
80919,0
81049,1
81052,0
81077,1
81094,0
81223,1
81225,0
81293,1
81303,0
81331,1
81337,0
81371,1
81373,1
81389,0
81401,1
81403,0
81463,1
81465,0
81547,1
81549,0
81677,1
81678,0
81689,1
81691,0
81707,1
81710,0
81973,1
81994,0
82037,1
82038,0
82039,1
82052,0
82163,1
82164,0
82171,1
82178,0
82223,1
82227,0
82231,1
82240,0
82307,1
82311,0
82339,1
82349,1
82352,0
82421,1
82431,0
82531,1
82541,0
82549,1
82562,0
82567,1
82573,0
82591,1
82597,0
82651,1
82652,0
82657,1
82661,0
82723,1
82729,1
82737,0
82759,1
82767,0
82813,1
82816,0
82847,1
82848,0
82891,1
82894,0
82903,1
82904,0
83023,1
83024,0
83077,1
83078,0
83233,1
83237,0
83257,1
83259,0
83339,1
83343,0
83357,1
83358,0
83401,1
83402,0
83423,1
83425,0
83459,1
83462,0
83477,1
83479,0
83537,1
83539,0
83609,1
83614,0
83869,1
83874,0
83921,1
83924,0
83969,1
83970,0
83983,1
83984,0
84047,1
84053,1
84059,1
84061,1
84072,0
84121,1
84134,0
84143,1
84152,0
84211,1
84216,0
84263,1
84268,0
84319,1
84323,0
84407,1
84408,0
84443,1
84447,0
84533,1
84535,0
84551,1
84553,0
84559,1
84560,0
84659,1
84666,0
84713,1
84733,0
84869,1
84874,0
84913,1
84915,0
85021,1
85024,0
85121,1
85126,0
85201,1
85202,0
85237,1
85246,0
85439,1
85440,0
85447,1
85449,0
85469,1
85471,0
85487,1
85491,0
85517,1
85519,0
85531,1
85534,0
85619,1
85625,0
85643,1
85648,0
85691,1
85696,0
85703,1
85706,0
85717,1
85720,0
85733,1
85736,0
85843,1
85846,0
85847,1
85849,0
85991,1
85994,0
86017,1
86026,0
86029,1
86033,0
86077,1
86089,0
86117,1
86120,0
86239,1
86241,0
86357,1
86358,0
86381,1
86387,0
86399,1
86401,0
86441,1
86448,0
86461,1
86466,0
86477,1
86480,0
86533,1
86547,0
86587,1
86590,0
86627,1
86633,0
86689,1
86690,0
86851,1
86853,0
87037,1
87038,0
87121,1
87125,0
87151,1
87155,0
87251,1
87256,0
87257,1
87261,0
87281,1
87282,0
87317,1
87319,0
87323,1
87326,0
87383,1
87385,0
87481,1
87489,0
87491,1
87492,0
87523,1
87529,0
87539,1
87544,0
87583,1
87592,0
87613,1
87617,0
87671,1
87672,0
87803,1
87804,0
87811,1
87814,0
87853,1
87854,0
87869,1
87871,0
87917,1
87920,0
87943,1
87944,0
88019,1
88021,0
88079,1
88083,0
88223,1
88224,0
88337,1
88339,1
88345,0
88423,1
88427,1
88431,0
88463,1
88466,0
88469,1
88471,1
88478,0
88499,1
88503,0
88547,1
88551,0
88643,1
88644,0
88667,1
88671,0
88721,1
88726,0
88747,1
88752,0
88771,1
88772,0
88799,1
88803,0
88807,1
88817,1
88824,0
88861,1
88862,0
88867,1
88876,0
88951,1
88968,0
89041,1
89042,0
89107,1
89110,0
89119,1
89148,0
89189,1
89195,0
89203,1
89213,1
89216,0
89231,1
89233,0
89261,1
89278,0
89443,1
89449,1
89465,0
89477,1
89481,0
89513,1
89515,0
89521,1
89525,0
89561,1
89572,0
89633,1
89636,0
89783,1
89785,0
89821,1
89829,0
89891,1
89895,0
89963,1
89968,0
89983,1
89984,0
90073,1
90081,0
90191,1
90192,0
90197,1
90203,1
90209,0
90227,1
90228,0
90281,1
90282,0
90397,1
90402,0
90407,1
90409,0
90619,1
90626,0
90677,1
90679,1
90683,0
90703,1
90704,0
90847,1
90850,0
90907,1
90911,1
90916,0
91099,1
91103,0
91127,1
91141,1
91150,0
91291,1
91294,0
91297,1
91305,0
91387,1
91399,0
91411,1
91428,0
91529,1
91531,0
91571,1
91573,1
91577,1
91580,0
91733,1
91734,0
91811,1
91817,0
91841,1
91852,0
92009,1
92010,0
92143,1
92144,0
92221,1
92225,0
92237,1
92246,0
92251,1
92253,0
92387,1
92392,0
92413,1
92414,0
92479,1
92481,0
92627,1
92639,1
92659,0
92693,1
92696,0
92761,1
92767,1
92768,0
92791,1
92793,0
92867,1
92873,0
92899,1
92901,0
92921,1
92923,0
92951,1
92955,0
92993,1
93001,1
93010,0
93113,1
93117,0
93139,1
93146,0
93257,1
93258,0
93319,1
93320,0
93323,1
93327,0
93463,1
93467,0
93491,1
93492,0
93497,1
93498,0
93553,1
93554,0
93559,1
93574,0
93581,1
93583,0
93701,1
93711,0
93719,1
93724,0
93787,1
93793,0
93809,1
93810,0
93889,1
93891,0
93893,1
93920,0
93949,1
93952,0
93967,1
93975,0
94009,1
94020,0
94033,1
94035,0
94153,1
94165,0
94219,1
94234,0
94253,1
94276,0
94291,1
94307,1
94324,0
94349,1
94352,0
94433,1
94435,0
94439,1
94453,0
94463,1
94467,0
94513,1
94514,0
94561,1
94572,0
94573,1
94574,0
94723,1
94733,0
94777,1
94779,0
94847,1
94850,0
94889,1
94890,0
95003,1
95007,0
95087,1
95100,0
95231,1
95234,0
95311,1
95312,0
95369,1
95398,0
95419,1
95420,0
95461,1
95465,0
95479,1
95480,0
95507,1
95519,0
95527,1
95531,1
95534,0
95603,1
95605,0
95621,1
95626,0
95633,1
95636,0
95701,1
95704,0
95707,1
95710,0
95747,1
95752,0
95813,1
95815,0
95819,1
95825,0
95873,1
95874,0
95881,1
95901,0
95911,1
95921,0
95989,1
95990,0
96001,1
96008,0
96097,1
96100,0
96211,1
96216,0
96431,1
96446,0
96469,1
96470,0
96487,1
96492,0
96493,1
96495,0
96527,1
96538,0
96553,1
96555,0
96581,1
96582,0
96739,1
96740,0
96769,1
96774,0
96779,1
96787,1
96788,0
96851,1
96853,0
96893,1
96896,0
96997,1
97004,0
97157,1
97159,1
97160,0
97259,1
97267,0
97327,1
97328,0
97367,1
97376,0
97429,1
97435,0
97501,1
97505,0
97553,1
97563,0
97609,1
97611,0
97651,1
97657,0
97687,1
97689,0
97813,1
97814,0
97847,1
97857,0
97871,1
97873,0
97927,1
97932,0
97987,1
97992,0
98017,1
98018,0
98041,1
98045,0
98081,1
98084,0
98221,1
98224,0
98257,1
98266,0
98297,1
98302,0
98321,1
98327,1
98328,0
98377,1
98381,0
98459,1
98461,0
98519,1
98521,0
98597,1
98604,0
98729,1
98732,0
98837,1
98840,0
98849,1
98851,0
98939,1
98948,0
98981,1
98991,0
99023,1
99025,0
99053,1
99054,0
99089,1
99099,0
99119,1
99120,0
99133,1
99134,0
99139,1
99142,0
99233,1
99237,0
99241,1
99244,0
99277,1
99295,0
99397,1
99399,0
99469,1
99475,0
99523,1
99527,1
99544,0
99661,1
99672,0
99713,1
99719,1
99724,0
99793,1
99799,0
99823,1
99826,0
99859,1
99876,0
99923,1
99936,0
100003,1
100006,0
100043,1
100045,0
100049,1
100051,0
100103,1
100106,0
100151,1
100152,0
100153,1
100154,0
100189,1
100194,0
100267,1
100276,0
100291,1
100292,0
100333,1
100334,0
100343,1
100352,0
100363,1
100372,0
100417,1
100422,0
100469,1
100471,0
100493,1
100500,0
100511,1
100512,0
100519,1
100531,0
100613,1
100617,0
100621,1
100622,0
100829,1
100833,0
100913,1
100922,0
100927,1
100931,1
100937,1
100948,0
101161,1
101163,0
101347,1
101353,0
101363,1
101366,0
101503,1
101509,0
101653,1
101654,0
101663,1
101664,0
101681,1
101683,0
101719,1
101720,0
101771,1
101774,0
101789,1
101795,0
101807,1
101808,0
101833,1
101837,1
101840,0
101869,1
101877,0
101957,1
101962,0
102019,1
102022,0
102043,1
102046,0
102071,1
102074,0
102161,1
102165,0
102191,1
102201,0
102241,1
102243,0
102253,1
102257,0
102359,1
102365,0
102461,1
102463,0
102497,1
102510,0
102539,1
102540,0
102647,1
102649,0
102769,1
102780,0
102829,1
102832,0
102877,1
102878,0
102881,1
102891,0
102911,1
102921,0
103001,1
103007,1
103009,0
103091,1
103094,0
103567,1
103569,0
103583,1
103590,0
103643,1
103647,0
103657,1
103661,0
103669,1
103671,0
103703,1
103707,0
103723,1
103726,0
103811,1
103812,0
103993,1
103995,0
103997,1
103999,0
104089,1
104092,0
104147,1
104155,0
104207,1
104212,0
104231,1
104233,1
104234,0
104327,1
104331,0
104383,1
104389,0
104399,1
104409,0
104459,1
104463,0
104473,1
104479,1
104482,0
104527,1
104532,0
104543,1
104547,0
104549,1
104551,1
104556,0
104593,1
104596,0
104711,1
104717,1
104718,0
